{
  "【基準】LONG MAX 2x": {
    "final": 56806.44415950895,
    "total_ret": 468.06444159508953,
    "monthly_avg": 939.3210769096144,
    "max_dd": 118.26663097873518,
    "n_trades": 1269,
    "win_rate": 30.575256107171
  },
  "A1. MAX 3x (ADX>=40で3倍)": {
    "final": 32240.64510474794,
    "total_ret": 222.40645104747938,
    "monthly_avg": 180.03421162999607,
    "max_dd": 127.52819885481989,
    "n_trades": 1252,
    "win_rate": 30.830670926517573
  },
  "A2. MAX 4x (ADX>=50で4倍)": {
    "final": 15955.312395970841,
    "total_ret": 59.55312395970841,
    "monthly_avg": 785.5709738131418,
    "max_dd": 135.5290580859207,
    "n_trades": 1219,
    "win_rate": 30.516817063166528
  },
  "A3. MAX 5x (挑戦)": {
    "final": -0.44628853554681314,
    "total_ret": -100.00446288535545,
    "monthly_avg": -1.694990896361957,
    "max_dd": 143.52515108255722,
    "n_trades": 10,
    "win_rate": 0.0
  },
  "B. ADX加重配分 (強いほど多く) Max2x": {
    "final": 56092.47036510337,
    "total_ret": 460.92470365103367,
    "monthly_avg": 48.75557412950945,
    "max_dd": 117.68167265779577,
    "n_trades": 1267,
    "win_rate": 30.3078137332281
  },
  "B+A. ADX加重 x MAX 3x": {
    "final": 35709.77170882828,
    "total_ret": 257.0977170882828,
    "monthly_avg": 1038.6633261379661,
    "max_dd": 126.6351194884509,
    "n_trades": 1242,
    "win_rate": 30.676328502415455
  },
  "C. ピラミッディング Max2x (+10%毎追加)": {
    "final": 199335.26383851012,
    "total_ret": 1893.352638385101,
    "monthly_avg": 649.9425340379039,
    "max_dd": 119.46134348503479,
    "n_trades": 1268,
    "win_rate": 27.602523659305994
  },
  "C+A. ピラミッディング Max 3x": {
    "final": 46133.53783049872,
    "total_ret": 361.33537830498716,
    "monthly_avg": 505.8012899005734,
    "max_dd": 129.30862899425492,
    "n_trades": 1195,
    "win_rate": 28.95397489539749
  },
  "D. 高速レジーム(EMA50) Max2x": {
    "final": 219605.80819671886,
    "total_ret": 2096.0580819671886,
    "monthly_avg": 165.3905221279215,
    "max_dd": 106.5030890440114,
    "n_trades": 1740,
    "win_rate": 28.735632183908045
  },
  "全部盛り (D+B+A MAX 3x)": {
    "final": 328342.09553995915,
    "total_ret": 3183.4209553995915,
    "monthly_avg": 197.71501105305367,
    "max_dd": 109.34404583918509,
    "n_trades": 1766,
    "win_rate": 28.425821064552657
  },
  "究極盛り (D+B+C MAX 3x)": {
    "final": 296413.36234743724,
    "total_ret": 2864.1336234743726,
    "monthly_avg": 274.9342777299161,
    "max_dd": 110.58662558890013,
    "n_trades": 1677,
    "win_rate": 27.370304114490164
  }
}