{
  "generated_at": "2026-04-21T08:36:52.533065",
  "inputs": {
    "initial_capital": 4000000,
    "monthly_deposit": 200000,
    "years": 7,
    "months": 84,
    "total_invested": 20800000,
    "age_start": 28,
    "age_end": 35,
    "post_fire_annual_rate": 0.04,
    "tax_crypto_2028": 0.2,
    "tax_stock": 0.20315
  },
  "fire_target_monthly": 400000,
  "required_capital_for_40man": 150592960,
  "strategies": [
    {
      "key": "user_plan",
      "name": "📝 あなたの元計画",
      "annual_rate": 0.3,
      "description": "仮想通貨を現状ポートフォリオで運用、想定年率+30%",
      "dd_schedule": [
        [
          48,
          40
        ]
      ],
      "risk_level": "middle",
      "monthly_history_with_dd": [
        4000000,
        4288418,
        4583211,
        4884520,
        5192490,
        5507267,
        5829002,
        6157849,
        6493965,
        6837510,
        7188650,
        7547551,
        7914385,
        8289329,
        8672560,
        9064262,
        9464622,
        9873833,
        10292088,
        10719589,
        11156540,
        11603149,
        12059630,
        12526202,
        13003087,
        13490513,
        13988713,
        14497926,
        15018395,
        15550368,
        16094100,
        16649852,
        17217887,
        17798479,
        18391905,
        18998448,
        19618398,
        20252052,
        20899713,
        21561689,
        22238298,
        22929864,
        23636716,
        24359192,
        25097639,
        25852409,
        26623862,
        27412368,
        16930982,
        17505232,
        18092175,
        18692093,
        19305271,
        19932004,
        20572590,
        21227336,
        21896554,
        22580566,
        23279697,
        23994281,
        24724662,
        25471187,
        26234214,
        27014106,
        27811238,
        28625991,
        29458752,
        30309922,
        31179906,
        32069121,
        32977991,
        33906951,
        34856446,
        35826928,
        36818863,
        37832724,
        38868995,
        39928173,
        41010764,
        42117284,
        43248263,
        44404242,
        45585774,
        46793422,
        48027765
      ],
      "monthly_history_ideal": [
        4000000,
        4288418,
        4583211,
        4884520,
        5192490,
        5507267,
        5829002,
        6157849,
        6493965,
        6837510,
        7188650,
        7547551,
        7914385,
        8289329,
        8672560,
        9064262,
        9464622,
        9873833,
        10292088,
        10719589,
        11156540,
        11603149,
        12059630,
        12526202,
        13003087,
        13490513,
        13988713,
        14497926,
        15018395,
        15550368,
        16094100,
        16649852,
        17217887,
        17798479,
        18391905,
        18998448,
        19618398,
        20252052,
        20899713,
        21561689,
        22238298,
        22929864,
        23636716,
        24359192,
        25097639,
        25852409,
        26623862,
        27412368,
        28218303,
        29042053,
        29884012,
        30744581,
        31624173,
        32523208,
        33442116,
        34381336,
        35341316,
        36322517,
        37325406,
        38350464,
        39398179,
        40469055,
        41563601,
        42682341,
        43825811,
        44994557,
        46189136,
        47410122,
        48658097,
        49933657,
        51237413,
        52569988,
        53932019,
        55324156,
        56747066,
        58201429,
        59687940,
        61207309,
        62760263,
        64347544,
        65969911,
        67628140,
        69323023,
        71055370,
        72826010
      ],
      "final_with_dd": 48027765,
      "final_ideal": 72826010,
      "total_invested": 20800000,
      "gain_with_dd": 27227765,
      "gain_ideal": 52026010,
      "multiplier_with_dd": 2.31,
      "multiplier_ideal": 3.5,
      "tax_with_dd": 5445553.0,
      "tax_ideal": 10405202.0,
      "net_with_dd": 42582212.0,
      "net_ideal": 62420808.0,
      "fire_monthly_with_dd": 113105,
      "fire_monthly_ideal": 165800,
      "fire_gross_annual_with_dd": 1703288
    },
    {
      "key": "h11_hybrid",
      "name": "💎 H11 ハイブリッド (バックテスト検証済み)",
      "annual_rate": 0.548,
      "description": "BTC40%+ACH40%+USDT20%、DD 39.7%検証済み",
      "dd_schedule": [
        [
          30,
          40
        ]
      ],
      "risk_level": "middle-high",
      "monthly_history_with_dd": [
        4000000,
        4348339,
        4709596,
        5084250,
        5472798,
        5875756,
        6293657,
        6727055,
        7176526,
        7642666,
        8126092,
        8627446,
        9147393,
        9686622,
        10245848,
        10825812,
        11427285,
        12051063,
        12697973,
        13368875,
        14064656,
        14786240,
        15534584,
        16310680,
        17115558,
        17950284,
        18815965,
        19713751,
        20644830,
        21610438,
        13567114,
        14270246,
        14999455,
        15755706,
        16540002,
        17353384,
        18196930,
        19071758,
        19979030,
        20919947,
        21895758,
        22907756,
        23957285,
        25045735,
        26174549,
        27345226,
        28559317,
        29818432,
        31124241,
        32478475,
        33882931,
        35339471,
        36850026,
        38416600,
        40041270,
        41726190,
        43473595,
        45285803,
        47165215,
        49114325,
        51135717,
        53232072,
        55406170,
        57660894,
        59999234,
        62424290,
        64939279,
        67547536,
        70252519,
        73057816,
        75967146,
        78984368,
        82113484,
        85358641,
        88724145,
        92214457,
        95834207,
        99588194,
        103481397,
        107518978,
        111706292,
        116048892,
        120552535,
        125223195,
        130067066
      ],
      "monthly_history_ideal": [
        4000000,
        4348339,
        4709596,
        5084250,
        5472798,
        5875756,
        6293657,
        6727055,
        7176526,
        7642666,
        8126092,
        8627446,
        9147393,
        9686622,
        10245848,
        10825812,
        11427285,
        12051063,
        12697973,
        13368875,
        14064656,
        14786240,
        15534584,
        16310680,
        17115558,
        17950284,
        18815965,
        19713751,
        20644830,
        21610438,
        22611856,
        23650411,
        24727480,
        25844493,
        27002929,
        28204326,
        29450276,
        30742432,
        32082507,
        33472279,
        34913590,
        36408352,
        37958546,
        39566229,
        41233533,
        42962668,
        44755927,
        46615689,
        48544420,
        50544678,
        52619114,
        54770481,
        57001630,
        59315521,
        61715222,
        64203916,
        66784901,
        69461603,
        72237568,
        75116480,
        78102156,
        81198554,
        84409782,
        87740098,
        91193917,
        94775820,
        98490557,
        102343054,
        106338421,
        110481954,
        114779149,
        119235705,
        123857530,
        128650755,
        133621736,
        138777064,
        144123576,
        149668362,
        155418775,
        161382441,
        167567268,
        173981458,
        180633516,
        187532264,
        194686850
      ],
      "final_with_dd": 130067066,
      "final_ideal": 194686850,
      "total_invested": 20800000,
      "gain_with_dd": 109267066,
      "gain_ideal": 173886850,
      "multiplier_with_dd": 6.25,
      "multiplier_ideal": 9.36,
      "tax_with_dd": 21853413.200000003,
      "tax_ideal": 34777370.0,