{
  "5年通期_mp10_longonly": {
    "final": 226068.16789795217,
    "total_ret": 2160.6816789795216,
    "monthly_avg": 28.664680910308814,
    "max_dd": 123.421160266232,
    "n_trades": 531,
    "n_long": 531,
    "n_short": 0,
    "long_pnl": 224611.96968290783,
    "short_pnl": 0,
    "win_rate": 32.015065913371
  },
  "5年通期_mp10_longshort": {
    "final": 39355.4333478882,
    "total_ret": 293.55433347888203,
    "monthly_avg": 96.75164280664742,
    "max_dd": 141.02243207173123,
    "n_trades": 526,
    "n_long": 244,
    "n_short": 282,
    "long_pnl": 154977.12314371692,
    "short_pnl": -123191.01295840986,
    "win_rate": 37.452471482889734
  },
  "5年通期_mp20_longonly": {
    "final": 137485.58366914504,
    "total_ret": 1274.8558366914503,
    "monthly_avg": 30.48121765692346,
    "max_dd": 116.32849156166476,
    "n_trades": 806,
    "n_long": 806,
    "n_short": 0,
    "long_pnl": 130656.72013627047,
    "short_pnl": 0,
    "win_rate": 30.52109181141439
  },
  "5年通期_mp20_longshort": {
    "final": 4133.432453630907,
    "total_ret": -58.66567546369094,
    "monthly_avg": -229.13077777919202,
    "max_dd": 118.64952468619643,
    "n_trades": 1189,
    "n_long": 553,
    "n_short": 636,
    "long_pnl": 19374.366590729285,
    "short_pnl": -24757.147431542635,
    "win_rate": 34.3986543313709
  },
  "5年通期_mp50_longonly": {
    "final": 83394.8820744161,
    "total_ret": 733.948820744161,
    "monthly_avg": 4.110983901429784,
    "max_dd": 77.69241584087682,
    "n_trades": 1087,
    "n_long": 1087,
    "n_short": 0,
    "long_pnl": 74326.58181681768,
    "short_pnl": 0,
    "win_rate": 30.358785648574056
  },
  "5年通期_mp50_longshort": {
    "final": 18930.587739962983,
    "total_ret": 89.30587739962984,
    "monthly_avg": 15.149646483861435,
    "max_dd": 99.88761010911188,
    "n_trades": 2438,
    "n_long": 1087,
    "n_short": 1351,
    "long_pnl": 36431.12685429059,
    "short_pnl": -26744.335676407296,
    "win_rate": 31.296144380639866
  },
  "2021 暴落年_mp10_longonly": {
    "final": 531598.9907333641,
    "total_ret": 5215.989907333641,
    "monthly_avg": 51.599216098051734,
    "max_dd": 100.17998200539837,
    "n_trades": 118,
    "n_long": 118,
    "n_short": 0,
    "long_pnl": 523626.7478975699,
    "short_pnl": 0,
    "win_rate": 42.3728813559322
  },
  "2021 暴落年_mp10_longshort": {
    "final": 322217.2688414067,
    "total_ret": 3122.1726884140667,
    "monthly_avg": 166.61363026074483,
    "max_dd": 104.3922060968631,
    "n_trades": 109,
    "n_long": 83,
    "n_short": 26,
    "long_pnl": 416631.2213392969,
    "short_pnl": -103735.30869571546,
    "win_rate": 43.11926605504588
  },
  "2021 暴落年_mp20_longonly": {
    "final": 206352.46824235242,
    "total_ret": 1963.5246824235242,
    "monthly_avg": 34.94689527821861,
    "max_dd": 92.55039839825233,
    "n_trades": 261,
    "n_long": 261,
    "n_short": 0,
    "long_pnl": 197422.32464568724,
    "short_pnl": 0,
    "win_rate": 34.48275862068966
  },
  "2021 暴落年_mp20_longshort": {
    "final": 83506.76781694996,
    "total_ret": 735.0676781694996,
    "monthly_avg": -6.509548332621208,
    "max_dd": 106.93404986112898,
    "n_trades": 280,
    "n_long": 206,
    "n_short": 74,
    "long_pnl": 114129.76874998209,
    "short_pnl": -40108.43855076332,
    "win_rate": 34.285714285714285
  },
  "2021 暴落年_mp50_longonly": {
    "final": 75561.79862965536,
    "total_ret": 655.6179862965536,
    "monthly_avg": 21.77106798343339,
    "max_dd": 62.85965808179787,
    "n_trades": 397,
    "n_long": 397,
    "n_short": 0,
    "long_pnl": 65841.93971077996,
    "short_pnl": 0,
    "win_rate": 32.49370277078086
  },
  "2021 暴落年_mp50_longshort": {
    "final": 48105.364332934056,
    "total_ret": 381.05364332934056,
    "monthly_avg": 23.319382397219886,
    "max_dd": 86.96790971138324,
    "n_trades": 575,
    "n_long": 397,
    "n_short": 178,
    "long_pnl": 56703.30648280926,
    "short_pnl": -18302.897471954588,
    "win_rate": 28.000000000000004
  },
  "2022 ベア市場_mp10_longonly": {
    "final": 2355.0187628558206,
    "total_ret": -76.4498123714418,
    "monthly_avg": -0.3696383659471993,
    "max_dd": 113.57252898207688,
    "n_trades": 70,
    "n_long": 70,
    "n_short": 0,
    "long_pnl": -7607.967706712158,
    "short_pnl": 0,
    "win_rate": 8.571428571428571
  },
  "2022 ベア市場_mp10_longshort": {
    "final": 7409.845381997113,
    "total_ret": -25.901546180028873,
    "monthly_avg": -98.72027697319116,
    "max_dd": 164.3358432456347,
    "n_trades": 88,
    "n_long": 12,
    "n_short": 76,
    "long_pnl": -3850.1419281049925,
    "short_pnl": 1343.29247028173,
    "win_rate": 54.54545454545454
  },
  "2022 ベア市場_mp20_longonly": {
    "final": 4809.342703112637,
    "total_ret": -51.90657296887363,
    "monthly_avg": -1.9079838531084667,
    "max_dd": 63.985557397782046,
    "n_trades": 73,
    "n_long": 73,
    "n_short": 0,
    "long_pnl": -5164.602215146421,
    "short_pnl": 0,
    "win_rate": 8.21917808219178
  },
  "2022 ベア市場_mp20_longshort": {
    "final": 15580.881867030552,
    "total_ret": 55.80881867030551,
    "monthly_avg": -162.45072801417385,
    "max_dd": 140.91422443435377,
    "n_trades": 190,
    "n_long": 25,
    "n_short": 165,
    "long_pnl": -4492.464823570063,
    "short_pnl": 10174.145720533168,
    "win_rate": 55.78947368421052
  },
  "2022 ベア市場_mp50_longonly": {
    "final": 7534.882971586104,
    "total_ret": -24.651170284138963,
    "monthly_avg": -1.0018516028890174,
    "max_dd": 26.64310481440877,
    "n_trades": 73,
    "n_long": 73,
    "n_short": 0,
    "long_pnl": -2452.5666800079202,
    "short_pnl": 0,
    "win_rate": 8.21917808219178
  },
  "2022 ベア市場_mp50_longshort": {
    "final": 13586.267250775672,
    "total_ret": 35.86267250775673,
    "monthly_avg": 8.853284413580807,
    "max_dd": 98.99326160925924,
    "n_trades": 437,
    "n_long": 73,
    "n_short": 364,
    "long_pnl": -2574.442634243388,
    "short_pnl": 6230.149888184271,
    "win_rate": 50.800915331807786
  },
  "2023 回復_mp10_longonly": {
    "final": 24766.162297177056,
    "total_ret": 147.66162297177056,
    "monthly_avg": 25.54165627587403,
    "max_dd": 103.91871023522555,
    "n_trades": 118,
    "n_long": 118,
    "n_short": 0,
    "long_pnl": 14890.722928120245,
    "short_pnl": 0,
    "win_rate": 38.13559322033898
  },
  "2023 回復_mp10_longshort": {
    "final": -7180.780161223706,
    "total_ret": -171.80780161223706,
    "monthly_avg": -2.990893348656059,
    "max_dd": 224.61691302836732,
    "n_trades": 10,
    "n_long": 0,
    "n_short": 10,
    "long_pnl": 0,
    "short_pnl": -17168.780161223705,
    "win_rate": 0.0
  },
  "2023 回復_mp20_longonly": {
    "final": 19063.220300585654,
    "total_ret": 90.63220300585654,
    "monthly_avg": 5.09883708440432,
    "max_dd": 91.05904113755496,
    "n_trades": 158,
    "n_long": 158,
    "n_short": 0,
    "long_pnl": 9141.223497363984,
    "short_pnl": 0,
    "win_rate": 39.24050632911392
  },
  "2023 回復_mp20_longshort": {
    "final": -4223.279491247066,
    "total_ret": -142.23279491247067,
    "monthly_avg": -4.710560341906182,
    "max_dd": 201.78197687418287,
    "n_trades": 20,
    "n_long": 0,
    "n_short": 20,
    "long_pnl": 0,
    "short_pnl": -14211.279491247062,
    "win_rate": 0.0
  },
  "2023 回復_mp50_longonly": {
    "final": 14064.693887462334,
    "total_ret": 40.64693887462334,
    "monthly_avg": -4.637161990435516,
    "max_dd": 53.44514332030551,
    "n_trades": 193,
    "n_long": 193,
    "n_short": 0,
    "long_pnl": 4099.088339576758,
    "short_pnl": 0,
    "win_rate": 41.968911917098445
  },
  "2023 回復_mp50_longshort": {
    "final": -1467.4675670244783,
    "total_ret": -114.67467567024478,
    "monthly_avg": -6.46438700252887,
    "max_dd": 162.840726316257,
    "n_trades": 70,
    "n_long": 3,
    "n_short": 67,
    "long_pnl": 279.36842290769243,
    "short_pnl": -11734.418192043153,
    "win_rate": 5.714285714285714
  },
  "2024 新高値_mp10_longonly": {
    "final": 6211.300810937751,