{
  "5年通期_mp1": {
    "final": 4278.709462908857,
    "total_ret": -57.21290537091143,
    "monthly_avg": -736.6891201096659,
    "monthly_median": 0.0,
    "monthly_std": 5123.223923738668,
    "max_dd": 122.70327757193608,
    "n_trades": 48,
    "win_rate": 29.166666666666668
  },
  "5年通期_mp5": {
    "final": 221565.39208185952,
    "total_ret": 2115.653920818595,
    "monthly_avg": -830.3736476172369,
    "monthly_median": 0.0,
    "monthly_std": 7893.190752364485,
    "max_dd": 130.11069146634344,
    "n_trades": 264,
    "win_rate": 34.090909090909086
  },
  "5年通期_mp10": {
    "final": 192204.2935722167,
    "total_ret": 1822.042935722167,
    "monthly_avg": -788.7722658853427,
    "monthly_median": 0.0,
    "monthly_std": 6264.079682705108,
    "max_dd": 124.43416783963687,
    "n_trades": 482,
    "win_rate": 32.572614107883815
  },
  "5年通期_mp20": {
    "final": 125359.30562969258,
    "total_ret": 1153.5930562969259,
    "monthly_avg": 38.676270634402826,
    "monthly_median": 0.0,
    "monthly_std": 146.42593546486722,
    "max_dd": 116.500598477616,
    "n_trades": 734,
    "win_rate": 32.9700272479564
  },
  "5年通期_mp50": {
    "final": 90163.39255459566,
    "total_ret": 801.6339255459567,
    "monthly_avg": 4.412592075794017,
    "monthly_median": 0.0,
    "monthly_std": 22.615751131428535,
    "max_dd": 75.14612855905189,
    "n_trades": 995,
    "win_rate": 33.165829145728644
  },
  "2年 (強気)_mp1": {
    "final": 6728.6719638760005,
    "total_ret": -32.713280361239995,
    "monthly_avg": -190.77503526353357,
    "monthly_median": -84.30227196164456,
    "monthly_std": 913.0706779377634,
    "max_dd": 132.29804827169764,
    "n_trades": 28,
    "win_rate": 28.57142857142857
  },
  "2年 (強気)_mp5": {
    "final": 6965.796796118932,
    "total_ret": -30.34203203881067,
    "monthly_avg": 185.78054246871142,
    "monthly_median": -58.589959706453534,
    "monthly_std": 693.0078707670026,
    "max_dd": 144.36496798448178,
    "n_trades": 156,
    "win_rate": 32.05128205128205
  },
  "2年 (強気)_mp10": {
    "final": 8838.786400197483,
    "total_ret": -11.612135998025169,
    "monthly_avg": 45.79295434036443,
    "monthly_median": -21.921884326667783,
    "monthly_std": 226.48750090643475,
    "max_dd": 124.43416783963687,
    "n_trades": 271,
    "win_rate": 30.996309963099634
  },
  "2年 (強気)_mp20": {
    "final": 12778.411224961019,
    "total_ret": 27.78411224961019,
    "monthly_avg": 56.82970572927653,
    "monthly_median": -8.688576364038358,
    "monthly_std": 192.37526422980395,
    "max_dd": 119.18347945254087,
    "n_trades": 384,
    "win_rate": 31.25
  },
  "2年 (強気)_mp50": {
    "final": 14940.279980352203,
    "total_ret": 49.40279980352203,
    "monthly_avg": -0.5276149741069709,
    "monthly_median": -0.35613978295775395,
    "monthly_std": 17.90388096668525,
    "max_dd": 68.65824922539606,
    "n_trades": 529,
    "win_rate": 31.190926275992435
  },
  "2021 暴落_mp1": {
    "final": 9305.936211157816,
    "total_ret": -6.9406378884218425,
    "monthly_avg": -3614.780591671449,
    "monthly_median": -16.605665505725586,
    "monthly_std": 11347.931903368466,
    "max_dd": 142.84129245407527,
    "n_trades": 7,
    "win_rate": 28.57142857142857
  },
  "2021 暴落_mp5": {
    "final": 95350.03501962617,
    "total_ret": 853.5003501962617,
    "monthly_avg": -5405.90946726506,
    "monthly_median": 0.0,
    "monthly_std": 17469.091510992574,
    "max_dd": 110.22269345427888,
    "n_trades": 56,
    "win_rate": 39.285714285714285
  },
  "2021 暴落_mp10": {
    "final": 256745.48984916785,
    "total_ret": 2467.4548984916787,
    "monthly_avg": -4374.676427519349,
    "monthly_median": 0.0,
    "monthly_std": 13947.324303720474,
    "max_dd": 104.8656941473023,
    "n_trades": 114,
    "win_rate": 34.21052631578947
  },
  "2021 暴落_mp20": {
    "final": 117493.41654083386,
    "total_ret": 1074.9341654083387,
    "monthly_avg": 76.59193290999048,
    "monthly_median": 4.973981787831949,
    "monthly_std": 168.5042384570379,
    "max_dd": 103.66174190988482,
    "n_trades": 236,
    "win_rate": 36.86440677966102
  },
  "2021 暴落_mp50": {
    "final": 65430.588013764514,
    "total_ret": 554.3058801376452,
    "monthly_avg": 23.050969629089476,
    "monthly_median": 9.577445148626818,
    "monthly_std": 37.751730115655434,
    "max_dd": 72.26763985969598,
    "n_trades": 352,
    "win_rate": 36.93181818181818
  },
  "2022 ベア_mp1": {
    "final": 10000.0,
    "total_ret": 0.0,
    "monthly_avg": 0.0,
    "monthly_median": 0.0,
    "monthly_std": 0.0,
    "max_dd": 0,
    "n_trades": 0,
    "win_rate": 0.0
  },
  "2022 ベア_mp5": {
    "final": 10000.0,
    "total_ret": 0.0,
    "monthly_avg": 0.0,
    "monthly_median": 0.0,
    "monthly_std": 0.0,
    "max_dd": 0,
    "n_trades": 0,
    "win_rate": 0.0
  },
  "2022 ベア_mp10": {
    "final": 10000.0,
    "total_ret": 0.0,
    "monthly_avg": 0.0,
    "monthly_median": 0.0,
    "monthly_std": 0.0,
    "max_dd": 0,
    "n_trades": 0,
    "win_rate": 0.0
  },
  "2022 ベア_mp20": {
    "final": 10000.0,
    "total_ret": 0.0,
    "monthly_avg": 0.0,
    "monthly_median": 0.0,
    "monthly_std": 0.0,
    "max_dd": 0,
    "n_trades": 0,
    "win_rate": 0.0
  },
  "2022 ベア_mp50": {
    "final": 10000.0,
    "total_ret": 0.0,
    "monthly_avg": 0.0,
    "monthly_median": 0.0,
    "monthly_std": 0.0,
    "max_dd": 0,
    "n_trades": 0,
    "win_rate": 0.0
  }
}