{
  "🏆 5年通期_LONGonly": {
    "final": 137152.20125418788,
    "total_ret": 1271.522012541879,
    "monthly_avg": 5.3419596144595705,
    "max_dd": 89.11043699695412,
    "n_trades": 4181,
    "n_long": 4181,
    "n_short": 0,
    "long_pnl": 133307.06593373432,
    "short_pnl": 0,
    "win_rate": 38.29227457546042
  },
  "🏆 5年通期_RSI70": {
    "final": 113038.00425345232,
    "total_ret": 1030.3800425345232,
    "monthly_avg": 5.055762874905108,
    "max_dd": 89.11043699695423,
    "n_trades": 4401,
    "n_long": 4181,
    "n_short": 220,
    "long_pnl": 121330.95093138966,
    "short_pnl": -12383.238125251055,
    "win_rate": 38.51397409679618
  },
  "🏆 5年通期_RSI75": {
    "final": 124851.11918046961,
    "total_ret": 1148.5111918046962,
    "monthly_avg": 5.190525721524606,
    "max_dd": 89.11043699695412,
    "n_trades": 4284,
    "n_long": 4181,
    "n_short": 103,
    "long_pnl": 127206.17217598777,
    "short_pnl": -6333.895805567357,
    "win_rate": 38.468720821662004
  },
  "🏆 5年通期_RSI80": {
    "final": 133002.56330973157,
    "total_ret": 1230.0256330973157,
    "monthly_avg": 5.291747331129953,
    "max_dd": 89.11043699695412,
    "n_trades": 4221,
    "n_long": 4181,
    "n_short": 40,
    "long_pnl": 131248.99493798628,
    "short_pnl": -2125.2190808005653,
    "win_rate": 38.37953091684435
  },
  "🏆 5年通期_RSI85": {
    "final": 135488.96451634692,
    "total_ret": 1254.8896451634694,
    "monthly_avg": 5.321405476118403,
    "max_dd": 89.11043699695412,
    "n_trades": 4190,
    "n_long": 4181,
    "n_short": 9,
    "long_pnl": 132482.16040341367,
    "short_pnl": -863.4431277528583,
    "win_rate": 38.3054892601432
  },
  "🏆 5年通期_RSI90": {
    "final": 137134.38651109146,
    "total_ret": 1271.3438651109147,
    "monthly_avg": 5.341739461377462,
    "max_dd": 89.11043699695412,
    "n_trades": 4182,
    "n_long": 4181,
    "n_short": 1,
    "long_pnl": 133298.23046265193,
    "short_pnl": -7.675169938797417,
    "win_rate": 38.2831181252989
  },
  "2021 暴落年_LONGonly": {
    "final": 60078.87054030728,
    "total_ret": 500.78870540307287,
    "monthly_avg": 22.045896624208613,
    "max_dd": 88.88017173829255,
    "n_trades": 1621,
    "n_long": 1621,
    "n_short": 0,
    "long_pnl": 52324.22876569057,
    "short_pnl": 0,
    "win_rate": 42.07279457125232
  },
  "2021 暴落年_RSI70": {
    "final": 60078.87054030728,
    "total_ret": 500.78870540307287,
    "monthly_avg": 22.045896624208613,
    "max_dd": 88.88017173829255,
    "n_trades": 1621,
    "n_long": 1621,
    "n_short": 0,
    "long_pnl": 52324.22876569057,
    "short_pnl": 0,
    "win_rate": 42.07279457125232
  },
  "2021 暴落年_RSI75": {
    "final": 60078.87054030728,
    "total_ret": 500.78870540307287,
    "monthly_avg": 22.045896624208613,
    "max_dd": 88.88017173829255,
    "n_trades": 1621,
    "n_long": 1621,
    "n_short": 0,
    "long_pnl": 52324.22876569057,
    "short_pnl": 0,
    "win_rate": 42.07279457125232
  },
  "2021 暴落年_RSI80": {
    "final": 60078.87054030728,
    "total_ret": 500.78870540307287,
    "monthly_avg": 22.045896624208613,
    "max_dd": 88.88017173829255,
    "n_trades": 1621,
    "n_long": 1621,
    "n_short": 0,
    "long_pnl": 52324.22876569057,
    "short_pnl": 0,
    "win_rate": 42.07279457125232
  },
  "2021 暴落年_RSI85": {
    "final": 60078.87054030728,
    "total_ret": 500.78870540307287,
    "monthly_avg": 22.045896624208613,
    "max_dd": 88.88017173829255,
    "n_trades": 1621,
    "n_long": 1621,
    "n_short": 0,
    "long_pnl": 52324.22876569057,
    "short_pnl": 0,
    "win_rate": 42.07279457125232
  },
  "2021 暴落年_RSI90": {
    "final": 60078.87054030728,
    "total_ret": 500.78870540307287,
    "monthly_avg": 22.045896624208613,
    "max_dd": 88.88017173829255,
    "n_trades": 1621,
    "n_long": 1621,
    "n_short": 0,
    "long_pnl": 52324.22876569057,
    "short_pnl": 0,
    "win_rate": 42.07279457125232
  },
  "🐻 2022 ベア_LONGonly": {
    "final": 10000.0,
    "total_ret": 0.0,
    "monthly_avg": 0.0,
    "max_dd": 0,
    "n_trades": 0,
    "n_long": 0,
    "n_short": 0,
    "long_pnl": 0,
    "short_pnl": 0,
    "win_rate": 0.0
  },
  "🐻 2022 ベア_RSI70": {
    "final": 10216.163811119037,
    "total_ret": 2.1616381111903684,
    "monthly_avg": 0.22228254234442585,
    "max_dd": 12.252301899340004,
    "n_trades": 69,
    "n_long": 0,
    "n_short": 69,
    "long_pnl": 0,
    "short_pnl": 231.3385728453227,
    "win_rate": 63.76811594202898
  },
  "🐻 2022 ベア_RSI75": {
    "final": 9976.296305380562,
    "total_ret": -0.23703694619438467,
    "monthly_avg": -0.016541974706602517,
    "max_dd": 4.5947506649388155,
    "n_trades": 15,
    "n_long": 0,
    "n_short": 15,
    "long_pnl": 0,
    "short_pnl": -20.466506310369482,
    "win_rate": 60.0
  },
  "🐻 2022 ベア_RSI80": {
    "final": 10069.098696672325,
    "total_ret": 0.6909869667232488,
    "monthly_avg": 0.0662299157055553,
    "max_dd": 2.00360036010803,
    "n_trades": 3,
    "n_long": 0,
    "n_short": 3,
    "long_pnl": 0,
    "short_pnl": 69.7002379877234,
    "win_rate": 100.0
  },
  "🐻 2022 ベア_RSI85": {
    "final": 10000.0,
    "total_ret": 0.0,
    "monthly_avg": 0.0,
    "max_dd": 0,
    "n_trades": 0,
    "n_long": 0,
    "n_short": 0,
    "long_pnl": 0,
    "short_pnl": 0,
    "win_rate": 0.0
  },
  "🐻 2022 ベア_RSI90": {
    "final": 10000.0,
    "total_ret": 0.0,
    "monthly_avg": 0.0,
    "max_dd": 0,
    "n_trades": 0,
    "n_long": 0,
    "n_short": 0,
    "long_pnl": 0,
    "short_pnl": 0,
    "win_rate": 0.0
  },
  "⚠️ 2023 回復 (鬼門)_LONGonly": {
    "final": 12799.213612791204,
    "total_ret": 27.992136127912037,
    "monthly_avg": -2.784026119879412,
    "max_dd": 71.41877195007854,
    "n_trades": 804,
    "n_long": 804,
    "n_short": 0,
    "long_pnl": 2931.146568686705,
    "short_pnl": 0,
    "win_rate": 35.44776119402985
  },
  "⚠️ 2023 回復 (鬼門)_RSI70": {
    "final": 10328.1923376362,
    "total_ret": 3.281923376361992,
    "monthly_avg": -2.7840261198794,
    "max_dd": 76.93667521491913,
    "n_trades": 954,
    "n_long": 804,
    "n_short": 150,
    "long_pnl": 2365.2582453147047,
    "short_pnl": -1898.8709719305361,
    "win_rate": 35.115303983228515
  },
  "⚠️ 2023 回復 (鬼門)_RSI75": {
    "final": 11678.944783358664,
    "total_ret": 16.78944783358664,
    "monthly_avg": -2.784026119879398,
    "max_dd": 73.92038336620736,
    "n_trades": 892,
    "n_long": 804,
    "n_short": 88,
    "long_pnl": 2674.593921411855,
    "short_pnl": -855.4157295620893,
    "win_rate": 36.210762331838566
  },
  "⚠️ 2023 回復 (鬼門)_RSI80": {
    "final": 12326.787753747376,
    "total_ret": 23.267877537473762,
    "monthly_avg": -2.784026119879432,
    "max_dd": 72.47372045101748,
    "n_trades": 841,
    "n_long": 804,
    "n_short": 37,
    "long_pnl": 2822.956372195934,
    "short_pnl": -360.4152132646269,
    "win_rate": 35.79072532699168
  },
  "⚠️ 2023 回復 (鬼門)_RSI85": {
    "final": 12643.99829651054,
    "total_ret": 26.43998296510539,
    "monthly_avg": -2.7840261198793996,
    "max_dd": 71.76537483410455,
    "n_trades": 813,
    "n_long": 804,
    "n_short": 9,
    "long_pnl": 2895.6007253648118,
    "short_pnl": -119.1247470508873,
    "win_rate": 35.54735547355474
  },
  "⚠️ 2023 回復 (鬼門)_RSI90": {
    "final": 12797.551118859275,
    "total_ret": 27.975511188592755,
    "monthly_avg": -2.7840261198793983,
    "max_dd": 71.4224843748913,
    "n_trades": 805,
    "n_long": 804,
    "n_short": 1,
    "long_pnl": 2930.765841125505,
    "short_pnl": -1.0589031844069703,
    "win_rate": 35.40372670807454
  },
  "2024 新高値_LONGonly": {
    "final": 13294.619820015261,
    "total_ret": 32.94619820015261,
    "monthly_avg": 4.6712966393271556,
    "max_dd": 99.06917100158246,
    "n_trades": 1270,
    "n_long": 1270,
    "n_short": 0,
    "long_pnl": 3535.117557633337,
    "short_pnl": 0,
    "win_rate": 34.488188976377955
  },
  "2024 新高値_RSI70": {
    "final": 13294.619820015261,
    "total_ret": 32.94619820015261,
    "monthly_avg": 4.6712966393271556,