{
  "5年通期_mp20_L": {
    "final": 77809.07158473769,
    "total_ret": 678.0907158473768,
    "monthly_avg": -407.95480234526167,
    "max_dd": 101.75366209933088,
    "n_trades": 3224,
    "n_long": 3224,
    "n_short": 0,
    "long_pnl": 82707.69622423222,
    "short_pnl": 0,
    "win_rate": 39.08188585607941
  },
  "5年通期_mp20_LS": {
    "final": 5170.178898236224,
    "total_ret": -48.29821101763776,
    "monthly_avg": -1722.8166723430297,
    "max_dd": 128.2731363835332,
    "n_trades": 4988,
    "n_long": 3224,
    "n_short": 1764,
    "long_pnl": 7097.587837841955,
    "short_pnl": -10009.38162356387,
    "win_rate": 41.01844426623897
  },
  "5年通期_mp50_L": {
    "final": 137152.20125418788,
    "total_ret": 1271.522012541879,
    "monthly_avg": 5.3419596144595705,
    "max_dd": 89.11043699695412,
    "n_trades": 4181,
    "n_long": 4181,
    "n_short": 0,
    "long_pnl": 133307.06593373432,
    "short_pnl": 0,
    "win_rate": 38.29227457546042
  },
  "5年通期_mp50_LS": {
    "final": 50009.27600447632,
    "total_ret": 400.09276004476317,
    "monthly_avg": 13.750601470670695,
    "max_dd": 95.15694431341743,
    "n_trades": 7385,
    "n_long": 4181,
    "n_short": 3204,
    "long_pnl": 60227.729904419684,
    "short_pnl": -15299.261447286934,
    "win_rate": 40.48747461069736
  },
  "2021 暴落_mp20_L": {
    "final": 70532.21747438531,
    "total_ret": 605.3221747438531,
    "monthly_avg": -2455.4721294082974,
    "max_dd": 101.80412595828363,
    "n_trades": 1070,
    "n_long": 1070,
    "n_short": 0,
    "long_pnl": 68825.65985728778,
    "short_pnl": 0,
    "win_rate": 42.429906542056074
  },
  "2021 暴落_mp20_LS": {
    "final": 43916.46243206122,
    "total_ret": 339.16462432061223,
    "monthly_avg": -2501.0533723510057,
    "max_dd": 113.11597257057058,
    "n_trades": 1157,
    "n_long": 1070,
    "n_short": 87,
    "long_pnl": 67356.22670940832,
    "short_pnl": -26449.658494451298,
    "win_rate": 40.363007778738115
  },
  "2021 暴落_mp50_L": {
    "final": 60078.87054030728,
    "total_ret": 500.78870540307287,
    "monthly_avg": 22.045896624208613,
    "max_dd": 88.88017173829255,
    "n_trades": 1621,
    "n_long": 1621,
    "n_short": 0,
    "long_pnl": 52324.22876569057,
    "short_pnl": 0,
    "win_rate": 42.07279457125232
  },
  "2021 暴落_mp50_LS": {
    "final": 43800.31591499166,
    "total_ret": 338.0031591499166,
    "monthly_avg": 41.920523992784695,
    "max_dd": 91.8931233825964,
    "n_trades": 1772,
    "n_long": 1621,
    "n_short": 151,
    "long_pnl": 48653.50288631938,
    "short_pnl": -12799.619402913375,
    "win_rate": 39.954853273137694
  },
  "2022 ベア_mp20_L": {
    "final": 10000.0,
    "total_ret": 0.0,
    "monthly_avg": 0.0,
    "max_dd": 0,
    "n_trades": 0,
    "n_long": 0,
    "n_short": 0,
    "long_pnl": 0,
    "short_pnl": 0,
    "win_rate": 0.0
  },
  "2022 ベア_mp20_LS": {
    "final": 22455.710018255373,
    "total_ret": 124.55710018255373,
    "monthly_avg": -6981.763855897478,
    "max_dd": 135.96091961198013,
    "n_trades": 1295,
    "n_long": 0,
    "n_short": 1295,
    "long_pnl": 0,
    "short_pnl": 13310.245482129338,
    "win_rate": 53.05019305019305
  },
  "2022 ベア_mp50_L": {
    "final": 10000.0,
    "total_ret": 0.0,
    "monthly_avg": 0.0,
    "max_dd": 0,
    "n_trades": 0,
    "n_long": 0,
    "n_short": 0,
    "long_pnl": 0,
    "short_pnl": 0,
    "win_rate": 0.0
  },
  "2022 ベア_mp50_LS": {
    "final": 17877.818050385955,
    "total_ret": 78.77818050385955,
    "monthly_avg": 23.356066603017698,
    "max_dd": 82.80331855381992,
    "n_trades": 2434,
    "n_long": 0,
    "n_short": 2434,
    "long_pnl": 0,
    "short_pnl": 8443.156958566422,
    "win_rate": 51.47904683648316
  },
  "2023 回復_mp20_L": {
    "final": 11740.119120635101,
    "total_ret": 17.40119120635101,
    "monthly_avg": 18.631950866970183,
    "max_dd": 92.78016441085846,
    "n_trades": 699,
    "n_long": 699,
    "n_short": 0,
    "long_pnl": 1983.9175894890152,
    "short_pnl": 0,
    "win_rate": 35.908440629470675
  },
  "2023 回復_mp20_LS": {
    "final": 4253.978233496676,
    "total_ret": -57.46021766503324,
    "monthly_avg": 17.916071192877528,
    "max_dd": 114.70082623771584,
    "n_trades": 939,
    "n_long": 699,
    "n_short": 240,
    "long_pnl": 591.5847349066951,
    "short_pnl": -6165.098881126566,
    "win_rate": 30.8839190628328
  },
  "2023 回復_mp50_L": {
    "final": 12799.213612791204,
    "total_ret": 27.992136127912037,
    "monthly_avg": -2.784026119879412,
    "max_dd": 71.41877195007854,
    "n_trades": 804,
    "n_long": 804,
    "n_short": 0,
    "long_pnl": 2931.146568686705,
    "short_pnl": 0,
    "win_rate": 35.44776119402985
  },
  "2023 回復_mp50_LS": {
    "final": 5168.737317236936,
    "total_ret": -48.31262682763064,
    "monthly_avg": -3.1456674904512116,
    "max_dd": 108.804099066618,
    "n_trades": 1307,
    "n_long": 804,
    "n_short": 503,
    "long_pnl": 1148.7553254578334,
    "short_pnl": -5857.126394309535,
    "win_rate": 27.69701606732976
  },
  "2024 新高値_mp20_L": {
    "final": 7644.127880035441,
    "total_ret": -23.55872119964559,
    "monthly_avg": 219.55255811763388,
    "max_dd": 128.27169002626854,
    "n_trades": 965,
    "n_long": 965,
    "n_short": 0,
    "long_pnl": -1991.0769273719936,
    "short_pnl": 0,
    "win_rate": 36.06217616580311
  },
  "2024 新高値_mp20_LS": {
    "final": 7644.127880035441,
    "total_ret": -23.55872119964559,
    "monthly_avg": 219.55255811763388,
    "max_dd": 128.27169002626854,
    "n_trades": 965,
    "n_long": 965,
    "n_short": 0,
    "long_pnl": -1991.0769273719936,
    "short_pnl": 0,
    "win_rate": 36.06217616580311
  },
  "2024 新高値_mp50_L": {
    "final": 13294.619820015261,
    "total_ret": 32.94619820015261,
    "monthly_avg": 4.6712966393271556,
    "max_dd": 99.06917100158246,
    "n_trades": 1270,
    "n_long": 1270,
    "n_short": 0,
    "long_pnl": 3535.117557633337,
    "short_pnl": 0,
    "win_rate": 34.488188976377955
  },
  "2024 新高値_mp50_LS": {
    "final": 13294.619820015261,
    "total_ret": 32.94619820015261,
    "monthly_avg": 4.6712966393271556,
    "max_dd": 99.06917100158246,
    "n_trades": 1270,
    "n_long": 1270,
    "n_short": 0,
    "long_pnl": 3535.117557633337,
    "short_pnl": 0,
    "win_rate": 34.488188976377955
  }
}